item_id,category,weight_kg,length_cm,width_cm,height_cm,stackable,fragile,hazardous,temperature_range,current_on_hand_qty,volume_m3_per_unit,movement_count,total_units_moved,last_movement,on_hand_units,total_on_hand_volume_m3
ITM0000,Home Goods,25.51,28,69,14,True,False,True,Ambient,112,0.027048,0.0,0.0,,112,3.029376
ITM0001,Beverages,41.41,45,72,53,True,True,True,Ambient,445,0.17172,0.0,0.0,,445,76.4154
ITM0002,Frozen Foods,16.34,38,95,36,False,True,False,Frozen,358,0.12996,0.0,0.0,,358,46.525679999999994
ITM0003,Beverages,44.83,69,11,41,True,False,False,Frozen,280,0.031119,0.0,0.0,,280,8.71332
ITM0004,Beverages,19.77,91,97,30,False,True,True,Frozen,116,0.26481,1.0,20.0,2025-07-24,116,30.717959999999998
ITM0005,Pharmaceuticals,1.04,11,81,17,False,True,True,Ambient,81,0.015147,0.0,0.0,,81,1.226907
ITM0006,Frozen Foods,45.32,10,20,81,True,False,True,Frozen,198,0.0162,0.0,0.0,,198,3.2076
ITM0007,Frozen Foods,5.02,56,73,59,True,False,False,Ambient,30,0.241192,1.0,98.0,2025-05-31,30,7.23576
ITM0008,Frozen Foods,16.31,78,86,76,True,False,False,Frozen,112,0.509808,0.0,0.0,,112,57.098496000000004
ITM0009,Beverages,47.53,29,90,53,True,False,True,Ambient,131,0.13833,0.0,0.0,,131,18.12123
ITM0010,Home Goods,47.56,20,81,67,False,True,True,Ambient,476,0.10854,0.0,0.0,,476,51.66504
ITM0011,Frozen Foods,28.89,11,30,12,False,True,False,Cold,224,0.00396,0.0,0.0,,224,0.88704
ITM0012,Beverages,31.78,76,27,95,False,False,True,Frozen,340,0.19494,1.0,44.0,2025-07-23,340,66.2796
ITM0013,Pharmaceuticals,22.7,96,73,79,True,False,True,Frozen,468,0.553632,0.0,0.0,,468,259.099776
ITM0014,Home Goods,15.01,21,91,11,False,True,False,Ambient,97,0.021021,0.0,0.0,,97,2.039037
ITM0015,Pharmaceuticals,16.77,29,47,96,True,False,True,Ambient,382,0.130848,0.0,0.0,,382,49.983936
ITM0016,Home Goods,33.79,14,41,53,True,True,False,Ambient,109,0.030422,0.0,0.0,,109,3.315998
ITM0017,Beverages,37.74,46,20,11,True,False,True,Cold,369,0.01012,1.0,86.0,2025-06-16,369,3.73428
ITM0018,Electronics,39.68,47,54,90,True,True,True,Cold,161,0.22842,1.0,42.0,2025-05-31,161,36.77562
ITM0019,Home Goods,39.59,18,98,44,True,False,False,Ambient,140,0.077616,1.0,87.0,2025-06-23,140,10.866240000000001
ITM0020,Pharmaceuticals,5.01,62,42,96,True,False,False,Frozen,159,0.249984,0.0,0.0,,159,39.747456
ITM0021,Beverages,24.97,53,50,39,False,True,True,Frozen,318,0.10335,1.0,91.0,2025-07-23,318,32.8653
ITM0022,Home Goods,3.35,95,17,17,True,False,False,Cold,267,0.027455,0.0,0.0,,267,7.330485
ITM0023,Electronics,27.7,33,20,31,False,True,True,Cold,353,0.02046,0.0,0.0,,353,7.222379999999999
ITM0024,Electronics,22.36,90,95,53,False,True,True,Ambient,423,0.45315,2.0,136.0,2025-06-23,423,191.68245
ITM0025,Frozen Foods,44.44,83,60,67,True,True,False,Frozen,303,0.33366,0.0,0.0,,303,101.09898
ITM0026,Frozen Foods,17.87,39,97,45,True,True,True,Ambient,395,0.170235,0.0,0.0,,395,67.242825
ITM0027,Pharmaceuticals,6.29,68,50,78,True,True,True,Cold,201,0.2652,2.0,64.0,2025-07-21,201,53.3052
ITM0028,Home Goods,7.58,96,26,86,False,False,False,Frozen,453,0.214656,1.0,15.0,2025-07-03,453,97.239168
ITM0029,Home Goods,38.19,90,85,40,True,False,False,Frozen,286,0.306,2.0,179.0,2025-07-13,286,87.516
ITM0030,Frozen Foods,31.1,90,55,56,False,True,True,Cold,170,0.2772,0.0,0.0,,170,47.124
ITM0031,Home Goods,5.51,23,41,64,True,False,False,Ambient,469,0.060352,0.0,0.0,,469,28.305088
ITM0032,Home Goods,4.66,18,88,89,True,True,False,Ambient,323,0.140976,0.0,0.0,,323,45.535247999999996
ITM0033,Electronics,35.2,49,89,71,False,False,False,Frozen,31,0.309631,1.0,44.0,2025-06-16,31,9.598561
ITM0034,Frozen Foods,4.1,75,63,39,False,False,False,Cold,262,0.184275,0.0,0.0,,262,48.280049999999996
ITM0035,Beverages,41.18,34,95,64,True,False,True,Frozen,245,0.20672,0.0,0.0,,245,50.6464
ITM0036,Frozen Foods,35.46,82,29,25,False,False,True,Cold,354,0.05945,0.0,0.0,,354,21.0453
ITM0037,Beverages,4.53,31,42,21,False,True,True,Ambient,58,0.027342,2.0,109.0,2025-07-24,58,1.585836
ITM0038,Electronics,4.7,13,83,26,False,True,False,Cold,484,0.028054,0.0,0.0,,484,13.578135999999999
ITM0039,Pharmaceuticals,49.34,35,49,25,False,False,False,Ambient,68,0.042875,1.0,10.0,2025-06-03,68,2.9155
ITM0040,Home Goods,19.03,67,41,21,False,False,False,Cold,179,0.057687,0.0,0.0,,179,10.325973000000001
ITM0041,Electronics,18.85,38,11,17,True,True,False,Frozen,485,0.007106,0.0,0.0,,485,3.44641
ITM0042,Home Goods,40.73,96,42,93,True,False,False,Ambient,197,0.374976,0.0,0.0,,197,73.870272
ITM0043,Pharmaceuticals,47.39,46,86,12,False,True,False,Frozen,473,0.047472,0.0,0.0,,473,22.454256
ITM0044,Pharmaceuticals,49.31,84,39,25,True,True,False,Frozen,280,0.0819,1.0,17.0,2025-07-15,280,22.932
ITM0045,Electronics,37.79,79,42,39,True,True,True,Ambient,199,0.129402,0.0,0.0,,199,25.750998
ITM0046,Pharmaceuticals,19.12,27,86,32,False,False,True,Ambient,455,0.074304,0.0,0.0,,455,33.808319999999995
ITM0047,Beverages,4.63,94,35,14,True,True,False,Frozen,184,0.04606,1.0,94.0,2025-07-10,184,8.47504
ITM0048,Pharmaceuticals,38.97,51,31,93,False,False,False,Frozen,455,0.147033,1.0,45.0,2025-06-28,455,66.900015
ITM0049,Home Goods,28.14,50,75,74,False,True,False,Frozen,60,0.2775,1.0,32.0,2025-06-24,60,16.650000000000002
ITM0050,Home Goods,21.5,47,47,39,True,False,True,Frozen,373,0.086151,0.0,0.0,,373,32.134323
ITM0051,Home Goods,45.36,43,99,30,False,False,True,Ambient,64,0.12771,0.0,0.0,,64,8.17344
ITM0052,Home Goods,6.0,26,55,93,False,False,False,Ambient,253,0.13299,0.0,0.0,,253,33.64647
ITM0053,Beverages,24.88,46,24,79,False,True,False,Frozen,329,0.087216,1.0,12.0,2025-06-03,329,28.694064
ITM0054,Frozen Foods,1.06,34,53,31,False,True,True,Cold,140,0.055862,1.0,45.0,2025-06-16,140,7.82068
ITM0055,Electronics,23.7,85,58,91,False,False,True,Cold,494,0.44863,1.0,61.0,2025-06-03,494,221.62321999999998
ITM0056,Home Goods,3.29,96,84,81,True,False,True,Ambient,316,0.653184,0.0,0.0,,316,206.40614399999998
ITM0057,Pharmaceuticals,6.38,95,70,41,True,False,True,Frozen,144,0.27265,2.0,110.0,2025-06-11,144,39.2616
ITM0058,Home Goods,6.32,94,76,42,False,True,False,Frozen,30,0.300048,0.0,0.0,,30,9.001439999999999
ITM0059,Pharmaceuticals,32.64,36,15,25,False,True,True,Ambient,338,0.0135,3.0,118.0,2025-07-13,338,4.563
ITM0060,Pharmaceuticals,37.43,66,18,85,True,True,True,Cold,176,0.10098,0.0,0.0,,176,17.77248
ITM0061,Home Goods,29.38,40,15,47,False,True,False,Cold,283,0.0282,1.0,95.0,2025-07-31,283,7.9806
ITM0062,Beverages,48.13,15,82,23,True,False,True,Cold,397,0.02829,0.0,0.0,,397,11.23113
ITM0063,Pharmaceuticals,19.06,49,41,45,False,False,True,Ambient,98,0.090405,3.0,151.0,2025-06-21,98,8.85969
ITM0064,Pharmaceuticals,14.64,21,50,32,False,True,True,Cold,325,0.0336,0.0,0.0,,325,10.92
ITM0065,Home Goods,43.5,62,85,75,False,True,False,Ambient,23,0.39525,1.0,16.0,2025-05-27,23,9.09075
ITM0066,Pharmaceuticals,11.57,80,17,94,False,False,True,Ambient,251,0.12784,0.0,0.0,,251,32.08784
ITM0067,Pharmaceuticals,48.18,19,81,11,False,True,False,Frozen,274,0.016929,1.0,43.0,2025-07-19,274,4.638546
ITM0068,Home Goods,1.1,54,59,82,False,True,False,Cold,355,0.261252,1.0,70.0,2025-07-05,355,92.74445999999999
ITM0069,Home Goods,48.51,26,71,74,False,True,True,Ambient,62,0.136604,2.0,90.0,2025-07-29,62,8.469448
ITM0070,Electronics,2.64,35,93,84,True,True,True,Cold,395,0.27342,0.0,0.0,,395,108.0009
ITM0071,Beverages,44.61,94,71,76,True,True,True,Cold,349,0.507224,2.0,138.0,2025-07-15,349,177.021176
ITM0072,Beverages,26.62,71,16,61,True,True,True,Frozen,101,0.069296,0.0,0.0,,101,6.998895999999999
ITM0073,Pharmaceuticals,49.65,55,84,71,False,False,False,Cold,376,0.32802,0.0,0.0,,376,123.33551999999999
ITM0074,Beverages,4.15,73,93,32,False,True,True,Frozen,453,0.217248,1.0,57.0,2025-05-30,453,98.413344
ITM0075,Pharmaceuticals,27.92,11,89,35,False,True,True,Ambient,464,0.034265,2.0,167.0,2025-07-17,464,15.898959999999999
ITM0076,Electronics,48.48,63,13,77,False,False,True,Cold,437,0.063063,1.0,75.0,2025-07-14,437,27.558531
ITM0077,Home Goods,26.39,74,15,91,False,False,False,Ambient,273,0.10101,0.0,0.0,,273,27.57573
ITM0078,Home Goods,31.66,60,67,64,False,False,True,Cold,440,0.25728,2.0,45.0,2025-06-28,440,113.20320000000001
ITM0079,Home Goods,34.94,62,31,15,False,True,True,Ambient,44,0.02883,0.0,0.0,,44,1.26852
ITM0080,Beverages,23.0,45,35,44,True,False,False,Cold,215,0.0693,0.0,0.0,,215,14.8995
ITM0081,Electronics,31.56,35,12,31,False,True,False,Cold,90,0.01302,0.0,0.0,,90,1.1718
ITM0082,Beverages,29.42,38,50,52,True,True,True,Cold,429,0.0988,2.0,119.0,2025-07-29,429,42.3852
ITM0083,Beverages,45.11,30,69,24,True,True,True,Cold,59,0.04968,1.0,78.0,2025-07-26,59,2.93112
ITM0084,Electronics,2.75,20,23,95,False,False,True,Cold,369,0.0437,0.0,0.0,,369,16.1253
ITM0085,Electronics,14.41,49,84,69,False,False,True,Cold,397,0.284004,1.0,92.0,2025-07-06,397,112.74958799999999
ITM0086,Electronics,47.55,20,91,21,True,False,True,Cold,11,0.03822,1.0,16.0,2025-06-26,11,0.42041999999999996
ITM0087,Electronics,44.57,45,21,58,True,False,False,Cold,399,0.05481,0.0,0.0,,399,21.86919
ITM0088,Home Goods,23.06,68,96,51,False,False,False,Cold,63,0.332928,1.0,86.0,2025-07-21,63,20.974464
ITM0089,Frozen Foods,31.2,48,21,47,False,True,True,Ambient,115,0.047376,0.0,0.0,,115,5.44824
ITM0090,Frozen Foods,14.23,63,22,91,True,True,True,Frozen,269,0.126126,1.0,88.0,2025-07-15,269,33.927893999999995
ITM0091,Electronics,9.81,64,34,54,False,True,False,Cold,319,0.117504,0.0,0.0,,319,37.483776
ITM0092,Frozen Foods,23.45,33,54,44,False,True,True,Frozen,486,0.078408,1.0,88.0,2025-05-17,486,38.106288
ITM0093,Frozen Foods,17.99,31,28,39,False,False,True,Cold,200,0.033852,1.0,83.0,2025-07-10,200,6.7704
ITM0094,Electronics,29.39,78,64,97,True,False,True,Cold,411,0.484224,1.0,13.0,2025-07-31,411,199.016064
ITM0095,Frozen Foods,4.35,65,54,39,True,True,True,Ambient,227,0.13689,2.0,36.0,2025-07-19,227,31.074030000000004
ITM0096,Beverages,48.73,42,17,87,True,False,True,Ambient,53,0.062118,0.0,0.0,,53,3.292254
ITM0097,Pharmaceuticals,49.32,45,62,15,False,False,False,Frozen,171,0.04185,0.0,0.0,,171,7.15635
ITM0098,Pharmaceuticals,35.06,29,64,76,False,True,True,Ambient,211,0.141056,0.0,0.0,,211,29.762815999999997
ITM0099,Electronics,27.04,92,41,89,True,True,True,Ambient,455,0.335708,0.0,0.0,,455,152.74714
ITM0100,Home Goods,15.82,90,60,16,True,False,True,Frozen,493,0.0864,0.0,0.0,,493,42.595200000000006
ITM0101,Electronics,40.78,71,53,61,True,False,False,Ambient,279,0.229543,0.0,0.0,,279,64.042497
ITM0102,Home Goods,34.39,82,91,23,False,True,False,Cold,360,0.171626,0.0,0.0,,360,61.78536
ITM0103,Pharmaceuticals,8.55,35,79,82,True,True,False,Frozen,313,0.22673,2.0,92.0,2025-07-26,313,70.96649
ITM0104,Electronics,45.59,75,27,24,True,True,False,Frozen,280,0.0486,0.0,0.0,,280,13.607999999999999
ITM0105,Beverages,41.22,82,92,30,False,False,True,Cold,465,0.22632,1.0,86.0,2025-06-08,465,105.2388
ITM0106,Frozen Foods,47.52,82,31,44,False,True,False,Ambient,471,0.111848,1.0,83.0,2025-07-26,471,52.680408
ITM0107,Home Goods,36.42,49,46,75,False,True,True,Frozen,224,0.16905,2.0,82.0,2025-07-27,224,37.867200000000004
ITM0108,Frozen Foods,30.86,26,65,11,True,False,True,Frozen,261,0.01859,0.0,0.0,,261,4.85199
ITM0109,Frozen Foods,21.2,10,68,44,False,False,False,Cold,199,0.02992,0.0,0.0,,199,5.954079999999999
ITM0110,Electronics,46.67,98,12,91,False,False,False,Cold,305,0.107016,0.0,0.0,,305,32.63988
ITM0111,Frozen Foods,43.37,70,37,87,True,False,False,Ambient,222,0.22533,1.0,6.0,2025-06-16,222,50.02326
ITM0112,Beverages,2.74,52,83,29,False,False,False,Frozen,217,0.125164,0.0,0.0,,217,27.160588
ITM0113,Frozen Foods,1.81,51,44,91,True,True,False,Ambient,246,0.204204,0.0,0.0,,246,50.234184
ITM0114,Electronics,19.13,34,70,19,True,True,True,Ambient,347,0.04522,0.0,0.0,,347,15.69134
ITM0115,Beverages,40.62,48,63,34,False,False,False,Cold,376,0.102816,0.0,0.0,,376,38.658816
ITM0116,Pharmaceuticals,49.37,44,72,75,False,False,False,Frozen,62,0.2376,0.0,0.0,,62,14.731200000000001
ITM0117,Frozen Foods,7.95,12,88,34,False,False,False,Frozen,289,0.035904,1.0,49.0,2025-07-30,289,10.376256
ITM0118,Electronics,29.91,53,16,63,False,False,True,Frozen,419,0.053424,0.0,0.0,,419,22.384656
ITM0119,Pharmaceuticals,19.35,60,85,42,False,False,False,Cold,226,0.2142,0.0,0.0,,226,48.4092
ITM0120,Pharmaceuticals,48.51,21,58,45,False,True,True,Cold,261,0.05481,0.0,0.0,,261,14.30541
ITM0121,Home Goods,42.18,28,94,23,True,True,False,Cold,197,0.060536,1.0,92.0,2025-07-22,197,11.925592
ITM0122,Beverages,42.0,53,40,74,True,True,False,Cold,389,0.15688,1.0,57.0,2025-06-21,389,61.02632
ITM0123,Frozen Foods,23.7,68,67,89,False,True,True,Cold,50,0.405484,0.0,0.0,,50,20.2742
ITM0124,Electronics,21.03,58,70,63,True,False,False,Frozen,166,0.25578,2.0,179.0,2025-07-21,166,42.45948
ITM0125,Home Goods,14.03,70,33,61,False,True,True,Ambient,24,0.14091,0.0,0.0,,24,3.3818400000000004
ITM0126,Beverages,3.29,26,29,12,True,False,True,Frozen,310,0.009048,1.0,35.0,2025-05-18,310,2.8048800000000003
ITM0127,Home Goods,43.3,83,46,50,True,False,True,Ambient,74,0.1909,0.0,0.0,,74,14.1266
ITM0128,Beverages,40.74,66,13,15,True,False,False,Cold,354,0.01287,1.0,3.0,2025-06-09,354,4.55598
ITM0129,Beverages,49.99,64,29,34,False,True,False,Ambient,336,0.063104,0.0,0.0,,336,21.202944
ITM0130,Frozen Foods,49.83,56,69,22,True,False,False,Frozen,18,0.085008,0.0,0.0,,18,1.530144
ITM0131,Beverages,27.99,21,33,17,False,True,True,Frozen,353,0.011781,1.0,68.0,2025-07-08,353,4.1586929999999995
ITM0132,Home Goods,38.56,71,59,30,True,True,False,Ambient,138,0.12567,1.0,99.0,2025-06-03,138,17.34246
ITM0133,Beverages,47.27,89,58,77,True,False,True,Cold,145,0.397474,0.0,0.0,,145,57.63373
ITM0134,Frozen Foods,42.56,97,60,34,True,False,False,Cold,481,0.19788,0.0,0.0,,481,95.18028
ITM0135,Frozen Foods,12.74,92,45,88,True,False,True,Frozen,72,0.36432,2.0,140.0,2025-07-11,72,26.23104
ITM0136,Home Goods,22.8,17,75,77,True,True,True,Ambient,148,0.098175,1.0,61.0,2025-07-24,148,14.5299
ITM0137,Pharmaceuticals,6.89,30,88,54,False,False,True,Cold,90,0.14256,2.0,87.0,2025-07-10,90,12.8304
ITM0138,Pharmaceuticals,47.73,90,43,69,False,True,False,Cold,401,0.26703,1.0,62.0,2025-07-17,401,107.07902999999999
ITM0139,Beverages,30.51,96,45,21,True,False,True,Frozen,172,0.09072,0.0,0.0,,172,15.60384
ITM0140,Electronics,11.82,89,15,41,True,False,True,Cold,428,0.054735,1.0,19.0,2025-07-19,428,23.42658
ITM0141,Beverages,33.75,79,48,22,True,True,True,Ambient,298,0.083424,0.0,0.0,,298,24.860352
ITM0142,Home Goods,31.1,81,51,40,True,True,True,Frozen,388,0.16524,0.0,0.0,,388,64.11312
ITM0143,Home Goods,18.23,34,67,87,False,True,True,Frozen,270,0.198186,0.0,0.0,,270,53.51022
ITM0144,Home Goods,6.12,91,21,29,True,True,True,Ambient,499,0.055419,0.0,0.0,,499,27.654081
ITM0145,Home Goods,33.74,98,12,27,False,True,False,Frozen,240,0.031752,1.0,76.0,2025-07-08,240,7.620480000000001
ITM0146,Home Goods,26.26,21,27,69,True,True,False,Cold,50,0.039123,2.0,66.0,2025-07-06,50,1.9561499999999998
ITM0147,Frozen Foods,38.73,24,49,72,False,False,True,Cold,37,0.084672,2.0,56.0,2025-07-13,37,3.132864
ITM0148,Pharmaceuticals,26.25,68,30,15,True,False,False,Ambient,144,0.0306,0.0,0.0,,144,4.4064
ITM0149,Home Goods,42.68,35,24,41,True,True,False,Cold,210,0.03444,0.0,0.0,,210,7.232399999999999
ITM0150,Electronics,27.82,35,35,52,False,False,True,Ambient,337,0.0637,0.0,0.0,,337,21.466900000000003
ITM0151,Electronics,28.27,56,17,11,True,True,True,Ambient,277,0.010472,0.0,0.0,,277,2.900744
ITM0152,Electronics,43.89,41,96,69,True,False,True,Cold,427,0.271584,0.0,0.0,,427,115.966368
ITM0153,Electronics,20.47,19,51,32,True,False,False,Ambient,42,0.031008,0.0,0.0,,42,1.302336
ITM0154,Frozen Foods,7.13,25,53,92,False,True,True,Cold,57,0.1219,0.0,0.0,,57,6.9483
ITM0155,Electronics,1.92,80,23,40,True,True,False,Frozen,416,0.0736,0.0,0.0,,416,30.6176
ITM0156,Home Goods,37.88,26,87,14,True,True,True,Frozen,71,0.031668,0.0,0.0,,71,2.248428
ITM0157,Beverages,31.21,32,11,92,False,False,False,Ambient,225,0.032384,0.0,0.0,,225,7.2864
ITM0158,Electronics,35.35,35,46,43,False,True,True,Cold,302,0.06923,1.0,49.0,2025-05-21,302,20.90746
ITM0159,Frozen Foods,11.04,94,78,19,False,False,True,Cold,108,0.139308,0.0,0.0,,108,15.045264
ITM0160,Frozen Foods,7.25,95,47,98,True,True,False,Frozen,181,0.43757,1.0,84.0,2025-05-26,181,79.20017
ITM0161,Electronics,1.22,16,50,11,True,False,False,Frozen,369,0.0088,0.0,0.0,,369,3.2472000000000003
ITM0162,Beverages,17.85,23,71,20,True,False,False,Cold,223,0.03266,1.0,8.0,2025-07-05,223,7.283180000000001
ITM0163,Electronics,29.7,88,69,59,False,True,False,Ambient,484,0.358248,1.0,23.0,2025-05-17,484,173.392032
ITM0164,Frozen Foods,19.92,16,23,40,True,False,False,Frozen,44,0.01472,2.0,101.0,2025-07-31,44,0.64768
ITM0165,Pharmaceuticals,22.16,18,98,65,True,False,False,Ambient,458,0.11466,0.0,0.0,,458,52.51428
ITM0166,Home Goods,45.26,57,93,88,False,True,True,Ambient,236,0.466488,0.0,0.0,,236,110.09116800000001
ITM0167,Frozen Foods,17.74,81,11,82,False,False,False,Frozen,110,0.073062,0.0,0.0,,110,8.03682
ITM0168,Electronics,25.94,68,79,96,False,True,True,Ambient,440,0.515712,0.0,0.0,,440,226.91328
ITM0169,Home Goods,39.29,96,26,92,False,True,True,Ambient,471,0.229632,0.0,0.0,,471,108.156672
ITM0170,Electronics,20.13,91,98,18,False,True,False,Cold,140,0.160524,1.0,68.0,2025-06-15,140,22.47336
ITM0171,Electronics,31.29,48,37,30,True,True,True,Ambient,266,0.05328,0.0,0.0,,266,14.17248
ITM0172,Pharmaceuticals,43.19,27,75,82,False,False,False,Cold,14,0.16605,1.0,85.0,2025-06-04,14,2.3247
ITM0173,Home Goods,47.5,68,44,37,True,False,False,Frozen,227,0.110704,0.0,0.0,,227,25.129808
ITM0174,Home Goods,7.78,26,14,71,True,False,True,Frozen,264,0.025844,0.0,0.0,,264,6.8228159999999995
ITM0175,Pharmaceuticals,46.37,23,74,16,False,True,True,Cold,407,0.027232,1.0,24.0,2025-07-11,407,11.083423999999999
ITM0176,Frozen Foods,24.86,40,49,89,False,False,False,Frozen,368,0.17444,0.0,0.0,,368,64.19392
ITM0177,Electronics,13.28,33,85,25,False,False,False,Ambient,292,0.070125,0.0,0.0,,292,20.4765
ITM0178,Beverages,23.23,69,65,13,True,True,True,Ambient,402,0.058305,0.0,0.0,,402,23.43861
ITM0179,Electronics,49.01,54,45,13,False,True,True,Ambient,216,0.03159,0.0,0.0,,216,6.82344
ITM0180,Electronics,24.88,12,54,49,False,False,True,Frozen,24,0.031752,2.0,78.0,2025-06-28,24,0.7620480000000001
ITM0181,Frozen Foods,16.77,46,32,26,False,True,True,Ambient,355,0.038272,1.0,40.0,2025-05-24,355,13.58656
ITM0182,Electronics,31.85,52,56,61,False,True,False,Frozen,51,0.177632,1.0,67.0,2025-07-28,51,9.059232000000002
ITM0183,Pharmaceuticals,12.39,49,40,61,False,True,False,Ambient,389,0.11956,0.0,0.0,,389,46.50884
ITM0184,Pharmaceuticals,4.26,99,20,45,True,True,False,Cold,470,0.0891,0.0,0.0,,470,41.877
ITM0185,Home Goods,6.88,64,19,47,True,False,False,Frozen,188,0.057152,0.0,0.0,,188,10.744576
ITM0186,Beverages,6.84,96,76,59,True,True,True,Frozen,72,0.430464,3.0,177.0,2025-07-30,72,30.993408000000002
ITM0187,Electronics,8.02,48,23,72,False,True,True,Ambient,361,0.079488,0.0,0.0,,361,28.695168000000002
ITM0188,Electronics,7.37,24,89,72,False,True,False,Frozen,240,0.153792,2.0,121.0,2025-07-13,240,36.91008
ITM0189,Frozen Foods,32.22,13,83,71,False,True,False,Frozen,250,0.076609,1.0,84.0,2025-06-16,250,19.15225
ITM0190,Pharmaceuticals,9.5,95,19,16,True,True,False,Cold,61,0.02888,0.0,0.0,,61,1.76168
ITM0191,Beverages,17.61,34,85,36,False,True,False,Cold,105,0.10404,1.0,46.0,2025-07-06,105,10.924199999999999
ITM0192,Home Goods,44.89,22,10,95,False,True,False,Ambient,397,0.0209,1.0,84.0,2025-06-18,397,8.2973
ITM0193,Pharmaceuticals,23.96,91,14,23,False,True,False,Cold,231,0.029302,0.0,0.0,,231,6.768762000000001
ITM0194,Home Goods,33.54,42,29,80,True,False,False,Ambient,494,0.09744,0.0,0.0,,494,48.13536
ITM0195,Frozen Foods,9.03,25,17,95,False,True,False,Ambient,416,0.040375,0.0,0.0,,416,16.796
ITM0196,Frozen Foods,10.02,51,52,14,True,False,False,Ambient,240,0.037128,1.0,24.0,2025-07-19,240,8.91072
ITM0197,Electronics,2.52,75,85,64,False,True,True,Frozen,246,0.408,0.0,0.0,,246,100.368
ITM0198,Beverages,8.86,64,10,11,True,True,False,Cold,152,0.00704,0.0,0.0,,152,1.0700800000000001
ITM0199,Home Goods,14.29,51,66,71,True,True,True,Ambient,180,0.238986,1.0,84.0,2025-07-19,180,43.01748
ITM0200,Pharmaceuticals,9.26,43,73,30,True,True,True,Cold,38,0.09417,0.0,0.0,,38,3.57846
ITM0201,Frozen Foods,4.89,39,93,88,False,False,False,Ambient,45,0.319176,1.0,44.0,2025-05-20,45,14.36292
ITM0202,Electronics,6.47,22,37,30,False,True,False,Cold,22,0.02442,0.0,0.0,,22,0.53724
ITM0203,Electronics,23.31,22,46,19,True,True,True,Cold,169,0.019228,0.0,0.0,,169,3.249532
ITM0204,Home Goods,10.71,27,56,96,True,False,True,Ambient,336,0.145152,0.0,0.0,,336,48.771072000000004
ITM0205,Frozen Foods,18.53,41,85,67,False,False,False,Frozen,196,0.233495,1.0,39.0,2025-06-21,196,45.76502
ITM0206,Beverages,25.42,48,46,48,False,True,True,Cold,252,0.105984,2.0,116.0,2025-06-10,252,26.707967999999997
ITM0207,Frozen Foods,34.67,55,58,14,True,False,False,Frozen,95,0.04466,0.0,0.0,,95,4.2427
ITM0208,Home Goods,2.45,38,53,74,False,False,False,Frozen,293,0.149036,1.0,62.0,2025-07-28,293,43.667548000000004
ITM0209,Home Goods,40.07,71,65,22,False,False,False,Ambient,75,0.10153,0.0,0.0,,75,7.61475
ITM0210,Frozen Foods,31.58,71,37,94,False,True,True,Ambient,179,0.246938,0.0,0.0,,179,44.201902
ITM0211,Home Goods,4.55,66,88,99,False,True,True,Ambient,54,0.574992,0.0,0.0,,54,31.049567999999997
ITM0212,Frozen Foods,43.74,25,15,94,True,True,False,Cold,71,0.03525,1.0,79.0,2025-06-30,71,2.50275
ITM0213,Pharmaceuticals,46.08,65,70,62,False,False,True,Ambient,450,0.2821,1.0,38.0,2025-05-26,450,126.94500000000001
ITM0214,Frozen Foods,3.52,19,29,91,False,True,True,Ambient,143,0.050141,1.0,66.0,2025-07-21,143,7.170163
ITM0215,Frozen Foods,14.21,39,87,54,True,False,True,Cold,293,0.183222,0.0,0.0,,293,53.684046
ITM0216,Home Goods,40.41,34,11,41,True,True,True,Cold,37,0.015334,0.0,0.0,,37,0.567358
ITM0217,Home Goods,37.54,93,82,45,False,True,True,Ambient,117,0.34317,0.0,0.0,,117,40.15089
ITM0218,Electronics,9.63,14,46,90,False,False,True,Ambient,53,0.05796,0.0,0.0,,53,3.0718799999999997
ITM0219,Electronics,10.86,74,29,69,False,True,True,Ambient,349,0.148074,1.0,51.0,2025-06-29,349,51.677826
ITM0220,Pharmaceuticals,18.84,58,35,20,False,False,False,Ambient,295,0.0406,1.0,77.0,2025-06-18,295,11.976999999999999
ITM0221,Electronics,24.48,12,38,72,True,False,True,Frozen,455,0.032832,1.0,60.0,2025-07-03,455,14.93856
ITM0222,Frozen Foods,31.1,54,10,30,True,True,True,Frozen,340,0.0162,1.0,15.0,2025-06-05,340,5.508
ITM0223,Home Goods,18.76,23,44,61,True,False,True,Ambient,137,0.061732,1.0,38.0,2025-06-24,137,8.457284
ITM0224,Electronics,23.4,39,79,64,False,True,True,Frozen,357,0.197184,1.0,61.0,2025-05-16,357,70.394688
ITM0225,Electronics,37.5,77,68,35,False,True,True,Cold,482,0.18326,0.0,0.0,,482,88.33132
ITM0226,Pharmaceuticals,2.32,27,78,77,False,False,True,Frozen,240,0.162162,1.0,56.0,2025-07-22,240,38.91888
ITM0227,Pharmaceuticals,13.0,71,42,43,False,True,True,Frozen,199,0.128226,0.0,0.0,,199,25.516974
ITM0228,Frozen Foods,35.81,46,60,61,True,False,True,Ambient,234,0.16836,1.0,79.0,2025-06-06,234,39.39624
ITM0229,Home Goods,44.81,34,87,91,True,True,False,Frozen,394,0.269178,0.0,0.0,,394,106.05613199999999
ITM0230,Pharmaceuticals,25.83,57,21,61,False,True,True,Frozen,386,0.073017,0.0,0.0,,386,28.184562
ITM0231,Electronics,26.84,74,29,38,True,True,True,Frozen,292,0.081548,0.0,0.0,,292,23.812016
ITM0232,Home Goods,5.81,62,62,47,False,True,True,Frozen,455,0.180668,0.0,0.0,,455,82.20394
ITM0233,Home Goods,22.65,88,97,51,False,True,True,Cold,130,0.435336,0.0,0.0,,130,56.59368
ITM0234,Electronics,26.86,82,52,30,True,False,False,Ambient,125,0.12792,1.0,88.0,2025-06-15,125,15.99
ITM0235,Pharmaceuticals,12.5,24,98,51,False,False,False,Ambient,470,0.119952,0.0,0.0,,470,56.37744
ITM0236,Electronics,13.83,58,59,22,False,False,False,Cold,242,0.075284,2.0,42.0,2025-07-14,242,18.218728000000002
ITM0237,Home Goods,19.18,97,38,73,True,False,False,Frozen,268,0.269078,1.0,66.0,2025-06-18,268,72.112904
ITM0238,Beverages,1.49,77,66,26,False,False,False,Cold,368,0.132132,2.0,49.0,2025-07-22,368,48.624576
ITM0239,Beverages,16.44,21,48,18,False,False,False,Frozen,207,0.018144,0.0,0.0,,207,3.755808
ITM0240,Frozen Foods,10.97,68,65,50,True,True,False,Cold,465,0.221,0.0,0.0,,465,102.765
ITM0241,Electronics,16.71,46,52,10,False,True,False,Ambient,420,0.02392,1.0,77.0,2025-07-11,420,10.0464
ITM0242,Electronics,6.43,70,59,11,True,False,False,Ambient,146,0.04543,0.0,0.0,,146,6.6327799999999995
ITM0243,Frozen Foods,44.58,52,32,69,False,False,False,Ambient,327,0.114816,0.0,0.0,,327,37.544832
ITM0244,Frozen Foods,29.88,79,53,57,True,True,False,Frozen,174,0.238659,0.0,0.0,,174,41.526666
ITM0245,Frozen Foods,34.12,48,47,38,True,True,False,Frozen,234,0.085728,2.0,114.0,2025-06-19,234,20.060351999999998
ITM0246,Home Goods,39.56,65,93,19,True,True,False,Cold,316,0.114855,0.0,0.0,,316,36.29418
ITM0247,Electronics,25.17,72,32,67,False,False,False,Cold,243,0.154368,1.0,34.0,2025-07-03,243,37.511424
ITM0248,Home Goods,4.8,55,54,69,True,False,False,Ambient,181,0.20493,0.0,0.0,,181,37.09233
ITM0249,Frozen Foods,27.09,97,61,30,True,False,False,Frozen,161,0.17751,0.0,0.0,,161,28.57911
ITM0250,Electronics,29.55,20,89,37,True,True,True,Cold,472,0.06586,0.0,0.0,,472,31.08592
ITM0251,Home Goods,37.4,71,59,84,True,True,False,Frozen,324,0.351876,0.0,0.0,,324,114.00782400000001
ITM0252,Home Goods,21.87,86,17,43,True,False,True,Frozen,383,0.062866,3.0,252.0,2025-06-28,383,24.077678000000002
ITM0253,Frozen Foods,6.82,34,94,17,False,False,False,Ambient,169,0.054332,1.0,89.0,2025-07-02,169,9.182108
ITM0254,Electronics,14.55,80,10,68,False,True,False,Ambient,105,0.0544,0.0,0.0,,105,5.712
ITM0255,Frozen Foods,18.47,61,17,95,False,True,True,Frozen,481,0.098515,0.0,0.0,,481,47.385715000000005
ITM0256,Electronics,32.47,13,38,81,False,True,False,Frozen,242,0.040014,0.0,0.0,,242,9.683388
ITM0257,Beverages,28.75,68,14,58,False,True,True,Frozen,189,0.055216,0.0,0.0,,189,10.435824
ITM0258,Pharmaceuticals,18.13,81,95,88,False,False,True,Frozen,122,0.67716,0.0,0.0,,122,82.61352
ITM0259,Pharmaceuticals,49.33,29,56,26,False,True,True,Ambient,327,0.042224,0.0,0.0,,327,13.807248
ITM0260,Pharmaceuticals,30.49,72,43,69,True,True,False,Cold,451,0.213624,0.0,0.0,,451,96.344424
ITM0261,Frozen Foods,12.24,63,74,96,False,True,False,Ambient,61,0.447552,0.0,0.0,,61,27.300672
ITM0262,Beverages,5.54,83,64,97,True,False,False,Cold,277,0.515264,0.0,0.0,,277,142.72812800000003
ITM0263,Electronics,8.07,66,99,54,True,False,True,Frozen,304,0.352836,1.0,17.0,2025-07-26,304,107.26214399999999
ITM0264,Home Goods,12.67,99,52,92,False,True,True,Cold,395,0.473616,1.0,94.0,2025-05-23,395,187.07832
ITM0265,Electronics,8.45,50,83,78,True,True,False,Ambient,396,0.3237,0.0,0.0,,396,128.1852
ITM0266,Home Goods,9.74,12,39,41,True,True,False,Ambient,122,0.019188,0.0,0.0,,122,2.340936
ITM0267,Electronics,14.61,15,91,53,True,False,False,Frozen,110,0.072345,1.0,36.0,2025-05-25,110,7.95795
ITM0268,Beverages,9.08,14,26,74,True,False,False,Ambient,122,0.026936,2.0,71.0,2025-07-22,122,3.2861920000000002
ITM0269,Home Goods,44.89,14,35,96,False,False,False,Frozen,449,0.04704,1.0,70.0,2025-07-14,449,21.12096
ITM0270,Frozen Foods,4.47,63,17,17,False,True,True,Ambient,90,0.018207,0.0,0.0,,90,1.63863
ITM0271,Electronics,26.46,56,56,86,False,False,True,Ambient,196,0.269696,0.0,0.0,,196,52.860416
ITM0272,Electronics,20.81,96,85,81,False,True,True,Frozen,122,0.66096,0.0,0.0,,122,80.63712
ITM0273,Home Goods,49.13,58,81,96,False,True,False,Cold,11,0.451008,0.0,0.0,,11,4.961088
ITM0274,Frozen Foods,6.05,18,98,52,False,True,True,Ambient,139,0.091728,0.0,0.0,,139,12.750192
ITM0275,Frozen Foods,20.19,29,55,10,False,False,True,Cold,229,0.01595,2.0,156.0,2025-06-21,229,3.6525499999999997
ITM0276,Beverages,48.49,70,77,60,False,True,True,Ambient,63,0.3234,0.0,0.0,,63,20.374200000000002
ITM0277,Frozen Foods,43.34,44,42,33,False,False,True,Ambient,352,0.060984,2.0,101.0,2025-07-27,352,21.466368
ITM0278,Frozen Foods,40.95,59,10,33,False,False,True,Ambient,494,0.01947,0.0,0.0,,494,9.61818
ITM0279,Frozen Foods,13.27,91,28,26,True,True,False,Ambient,233,0.066248,0.0,0.0,,233,15.435784
ITM0280,Pharmaceuticals,8.96,71,40,14,False,True,True,Cold,234,0.03976,0.0,0.0,,234,9.30384
ITM0281,Beverages,33.6,26,89,29,True,False,False,Cold,394,0.067106,1.0,42.0,2025-07-23,394,26.439764
ITM0282,Electronics,46.5,97,23,30,True,True,False,Ambient,412,0.06693,4.0,169.0,2025-07-26,412,27.57516
ITM0283,Home Goods,28.06,12,62,67,True,False,False,Ambient,135,0.049848,0.0,0.0,,135,6.729480000000001
ITM0284,Electronics,28.79,41,57,40,True,True,False,Cold,139,0.09348,0.0,0.0,,139,12.99372
ITM0285,Beverages,14.36,22,78,20,False,False,False,Frozen,62,0.03432,0.0,0.0,,62,2.1278400000000004
ITM0286,Home Goods,38.59,98,99,61,True,False,True,Frozen,181,0.591822,2.0,71.0,2025-07-17,181,107.11978199999999
ITM0287,Beverages,9.76,82,71,24,False,False,True,Cold,227,0.139728,1.0,75.0,2025-05-31,227,31.718255999999997
ITM0288,Frozen Foods,16.52,77,75,92,False,False,False,Ambient,169,0.5313,1.0,90.0,2025-07-07,169,89.7897
ITM0289,Home Goods,21.56,23,73,16,True,True,False,Ambient,207,0.026864,1.0,43.0,2025-06-11,207,5.560848
ITM0290,Frozen Foods,25.63,20,79,37,False,True,False,Frozen,425,0.05846,0.0,0.0,,425,24.845499999999998
ITM0291,Electronics,12.5,65,72,60,True,False,True,Frozen,256,0.2808,0.0,0.0,,256,71.8848
ITM0292,Electronics,6.18,76,82,67,True,False,False,Cold,333,0.417544,0.0,0.0,,333,139.04215200000002
ITM0293,Home Goods,30.73,38,42,14,False,True,True,Frozen,448,0.022344,0.0,0.0,,448,10.010112
ITM0294,Home Goods,14.79,18,50,14,False,True,False,Cold,212,0.0126,0.0,0.0,,212,2.6712
ITM0295,Beverages,29.27,76,98,17,True,True,True,Frozen,193,0.126616,0.0,0.0,,193,24.436888
ITM0296,Beverages,8.14,34,57,73,False,True,False,Frozen,132,0.141474,0.0,0.0,,132,18.674567999999997
ITM0297,Frozen Foods,24.32,85,22,19,False,True,True,Frozen,410,0.03553,0.0,0.0,,410,14.5673
ITM0298,Home Goods,26.86,51,82,47,False,True,False,Ambient,264,0.196554,1.0,74.0,2025-05-17,264,51.890256
ITM0299,Electronics,3.07,18,86,90,True,False,True,Ambient,303,0.13932,0.0,0.0,,303,42.21396
ITM0300,Beverages,17.16,88,40,17,True,True,True,Ambient,289,0.05984,1.0,80.0,2025-06-01,289,17.29376
ITM0301,Beverages,7.15,49,84,34,False,True,True,Frozen,334,0.139944,0.0,0.0,,334,46.741296000000006
ITM0302,Electronics,3.64,34,77,82,False,False,True,Cold,381,0.214676,1.0,25.0,2025-07-11,381,81.791556
ITM0303,Beverages,49.5,14,13,75,False,True,True,Cold,107,0.01365,0.0,0.0,,107,1.46055
ITM0304,Frozen Foods,16.46,20,28,88,False,True,True,Cold,207,0.04928,0.0,0.0,,207,10.20096
ITM0305,Home Goods,40.59,68,79,59,False,True,True,Cold,479,0.316948,0.0,0.0,,479,151.818092
ITM0306,Electronics,13.1,97,91,76,True,True,False,Ambient,404,0.670852,0.0,0.0,,404,271.024208
ITM0307,Home Goods,34.23,88,22,58,False,True,False,Ambient,249,0.112288,0.0,0.0,,249,27.959712
ITM0308,Beverages,38.13,47,32,45,True,False,False,Frozen,153,0.06768,1.0,58.0,2025-07-27,153,10.35504
ITM0309,Beverages,29.98,81,92,77,False,True,False,Frozen,106,0.573804,3.0,226.0,2025-07-17,106,60.823223999999996
ITM0310,Electronics,23.84,14,84,87,True,False,False,Cold,210,0.102312,1.0,79.0,2025-06-26,210,21.48552
ITM0311,Frozen Foods,20.89,57,10,50,False,False,True,Ambient,133,0.0285,1.0,13.0,2025-07-13,133,3.7905
ITM0312,Pharmaceuticals,17.77,99,97,98,True,True,True,Cold,196,0.941094,1.0,35.0,2025-05-24,196,184.454424
ITM0313,Electronics,46.51,27,63,71,False,False,True,Frozen,335,0.120771,1.0,53.0,2025-06-10,335,40.458285000000004
ITM0314,Pharmaceuticals,41.62,79,80,19,True,True,True,Frozen,473,0.12008,0.0,0.0,,473,56.79784
ITM0315,Pharmaceuticals,48.27,46,98,30,True,False,True,Cold,358,0.13524,0.0,0.0,,358,48.41592
ITM0316,Frozen Foods,6.65,69,94,45,True,False,False,Frozen,268,0.29187,0.0,0.0,,268,78.22116000000001
ITM0317,Pharmaceuticals,36.68,57,24,21,True,True,False,Cold,157,0.028728,1.0,68.0,2025-06-05,157,4.510296
ITM0318,Pharmaceuticals,46.95,86,74,11,True,True,False,Ambient,261,0.070004,1.0,65.0,2025-07-21,261,18.271044
ITM0319,Frozen Foods,9.47,37,85,22,True,True,False,Cold,452,0.06919,1.0,1.0,2025-06-05,452,31.273880000000002
ITM0320,Pharmaceuticals,3.79,78,80,62,False,True,True,Ambient,429,0.38688,1.0,28.0,2025-05-20,429,165.97152
ITM0321,Pharmaceuticals,37.19,86,24,41,True,True,True,Ambient,412,0.084624,0.0,0.0,,412,34.865088
ITM0322,Pharmaceuticals,28.94,90,30,25,False,False,True,Frozen,355,0.0675,0.0,0.0,,355,23.962500000000002
ITM0323,Electronics,42.17,49,28,41,False,False,False,Frozen,460,0.056252,3.0,224.0,2025-07-31,460,25.87592
ITM0324,Electronics,7.42,54,69,41,False,False,True,Frozen,156,0.152766,1.0,54.0,2025-07-02,156,23.831496
ITM0325,Electronics,39.87,71,98,20,False,False,False,Cold,157,0.13916,0.0,0.0,,157,21.84812
ITM0326,Frozen Foods,10.48,67,42,19,False,False,True,Cold,361,0.053466,0.0,0.0,,361,19.301226
ITM0327,Beverages,8.6,76,58,24,True,False,True,Frozen,208,0.105792,1.0,43.0,2025-07-19,208,22.004736
ITM0328,Pharmaceuticals,8.63,65,44,26,True,False,False,Cold,317,0.07436,1.0,77.0,2025-06-28,317,23.572119999999998
ITM0329,Pharmaceuticals,40.82,49,53,49,True,True,True,Frozen,498,0.127253,0.0,0.0,,498,63.371994
ITM0330,Frozen Foods,33.43,49,99,27,False,True,True,Cold,426,0.130977,1.0,14.0,2025-06-10,426,55.796202
ITM0331,Pharmaceuticals,26.39,86,20,64,True,False,False,Ambient,433,0.11008,0.0,0.0,,433,47.66464
ITM0332,Electronics,18.26,42,81,82,True,False,True,Ambient,137,0.278964,1.0,28.0,2025-07-30,137,38.218067999999995
ITM0333,Beverages,43.92,15,87,34,True,True,False,Frozen,48,0.04437,0.0,0.0,,48,2.12976
ITM0334,Home Goods,19.93,97,83,68,True,True,True,Cold,347,0.547468,1.0,9.0,2025-05-27,347,189.97139599999997
ITM0335,Pharmaceuticals,40.92,28,75,87,True,True,True,Cold,369,0.1827,0.0,0.0,,369,67.4163
ITM0336,Electronics,22.24,89,55,98,False,True,True,Ambient,138,0.47971,0.0,0.0,,138,66.19998
ITM0337,Home Goods,19.16,49,18,31,True,False,True,Ambient,276,0.027342,1.0,25.0,2025-07-13,276,7.546392000000001
ITM0338,Beverages,23.4,68,12,39,False,True,True,Frozen,485,0.031824,0.0,0.0,,485,15.43464
ITM0339,Home Goods,15.42,68,94,93,False,False,True,Ambient,450,0.594456,0.0,0.0,,450,267.5052
ITM0340,Electronics,37.51,57,35,94,False,False,True,Frozen,482,0.18753,0.0,0.0,,482,90.38946
ITM0341,Home Goods,25.38,50,81,53,False,False,True,Ambient,443,0.21465,0.0,0.0,,443,95.08995
ITM0342,Frozen Foods,11.99,22,57,41,False,True,False,Ambient,160,0.051414,1.0,6.0,2025-06-19,160,8.22624
ITM0343,Home Goods,45.03,54,75,60,True,True,False,Cold,424,0.243,1.0,91.0,2025-07-03,424,103.032
ITM0344,Pharmaceuticals,19.5,98,79,55,True,False,True,Ambient,487,0.42581,1.0,60.0,2025-06-26,487,207.36947
ITM0345,Pharmaceuticals,27.41,62,37,30,True,False,True,Ambient,307,0.06882,1.0,40.0,2025-07-26,307,21.127740000000003
ITM0346,Frozen Foods,45.37,51,35,41,False,False,False,Frozen,108,0.073185,0.0,0.0,,108,7.90398
ITM0347,Electronics,31.4,72,34,48,True,True,True,Ambient,272,0.117504,1.0,18.0,2025-06-27,272,31.961088
ITM0348,Pharmaceuticals,6.29,36,21,21,True,False,True,Frozen,261,0.015876,0.0,0.0,,261,4.143636000000001
ITM0349,Beverages,47.02,47,14,56,False,True,False,Ambient,153,0.036848,1.0,83.0,2025-05-16,153,5.637744
ITM0350,Pharmaceuticals,31.57,69,57,27,False,False,True,Ambient,355,0.106191,1.0,14.0,2025-05-16,355,37.697804999999995
ITM0351,Pharmaceuticals,17.08,16,46,30,False,False,True,Frozen,121,0.02208,0.0,0.0,,121,2.67168
ITM0352,Electronics,7.39,14,88,22,False,False,False,Cold,69,0.027104,1.0,84.0,2025-06-29,69,1.870176
ITM0353,Home Goods,39.8,54,53,30,True,True,True,Frozen,378,0.08586,1.0,26.0,2025-06-13,378,32.45508
ITM0354,Pharmaceuticals,31.19,67,24,17,False,True,True,Frozen,11,0.027336,3.0,69.0,2025-07-13,11,0.30069599999999996
ITM0355,Frozen Foods,26.91,40,52,55,False,False,False,Frozen,394,0.1144,0.0,0.0,,394,45.0736
ITM0356,Home Goods,44.75,32,57,16,True,True,True,Cold,313,0.029184,0.0,0.0,,313,9.134592000000001
ITM0357,Beverages,39.54,51,96,32,True,False,False,Ambient,263,0.156672,0.0,0.0,,263,41.204736000000004
ITM0358,Electronics,8.01,19,79,84,False,True,True,Frozen,149,0.126084,1.0,50.0,2025-07-15,149,18.786516
ITM0359,Beverages,15.93,41,55,95,True,True,True,Frozen,462,0.214225,1.0,3.0,2025-06-22,462,98.97194999999999
ITM0360,Home Goods,12.8,62,52,31,False,True,False,Cold,46,0.099944,0.0,0.0,,46,4.597424
ITM0361,Home Goods,37.33,39,30,98,False,False,False,Frozen,169,0.11466,0.0,0.0,,169,19.37754
ITM0362,Home Goods,2.16,48,32,31,True,True,True,Ambient,18,0.047616,1.0,60.0,2025-07-26,18,0.857088
ITM0363,Beverages,28.71,40,89,38,True,True,False,Cold,242,0.13528,0.0,0.0,,242,32.73776
ITM0364,Home Goods,38.24,91,56,22,False,False,False,Ambient,108,0.112112,1.0,89.0,2025-07-11,108,12.108096
ITM0365,Beverages,43.9,11,24,91,False,False,True,Ambient,156,0.024024,0.0,0.0,,156,3.747744
ITM0366,Home Goods,17.43,87,34,11,False,False,True,Cold,313,0.032538,1.0,55.0,2025-05-27,313,10.184394
ITM0367,Frozen Foods,41.15,86,45,38,True,False,True,Frozen,217,0.14706,1.0,77.0,2025-05-17,217,31.91202
ITM0368,Home Goods,5.98,21,84,94,False,True,False,Ambient,140,0.165816,1.0,69.0,2025-06-10,140,23.21424
ITM0369,Beverages,42.4,48,60,88,False,True,False,Ambient,413,0.25344,1.0,12.0,2025-06-13,413,104.67072
ITM0370,Pharmaceuticals,6.81,75,24,61,False,True,False,Ambient,161,0.1098,1.0,43.0,2025-06-24,161,17.677799999999998
ITM0371,Home Goods,20.17,22,77,36,False,True,False,Ambient,63,0.060984,1.0,69.0,2025-06-16,63,3.841992
ITM0372,Pharmaceuticals,39.97,55,30,59,False,True,True,Cold,129,0.09735,0.0,0.0,,129,12.558150000000001
ITM0373,Frozen Foods,7.92,36,22,88,True,False,False,Cold,170,0.069696,0.0,0.0,,170,11.84832
ITM0374,Electronics,11.85,26,95,32,False,True,True,Ambient,417,0.07904,1.0,71.0,2025-07-14,417,32.95968
ITM0375,Frozen Foods,36.25,69,28,97,False,True,False,Frozen,125,0.187404,0.0,0.0,,125,23.4255
ITM0376,Home Goods,36.14,73,43,53,False,True,True,Ambient,84,0.166367,1.0,75.0,2025-07-03,84,13.974827999999999
ITM0377,Pharmaceuticals,32.24,97,87,86,False,False,True,Frozen,122,0.725754,2.0,31.0,2025-06-24,122,88.541988
ITM0378,Pharmaceuticals,34.85,44,77,31,True,False,True,Ambient,465,0.105028,0.0,0.0,,465,48.83802
ITM0379,Beverages,27.36,79,61,52,True,True,False,Frozen,429,0.250588,0.0,0.0,,429,107.50225199999998
ITM0380,Pharmaceuticals,12.96,92,36,46,True,False,True,Ambient,431,0.152352,0.0,0.0,,431,65.66371199999999
ITM0381,Beverages,17.61,39,38,70,False,False,True,Frozen,113,0.10374,0.0,0.0,,113,11.72262
ITM0382,Electronics,9.49,80,37,65,False,False,False,Ambient,349,0.1924,0.0,0.0,,349,67.1476
ITM0383,Home Goods,45.47,83,44,12,True,False,True,Ambient,263,0.043824,1.0,36.0,2025-06-12,263,11.525712
ITM0384,Beverages,29.38,72,17,72,True,False,False,Frozen,236,0.088128,0.0,0.0,,236,20.798208
ITM0385,Electronics,20.34,37,25,28,True,False,False,Cold,121,0.0259,0.0,0.0,,121,3.1339
ITM0386,Pharmaceuticals,23.37,69,45,32,False,False,True,Frozen,482,0.09936,3.0,210.0,2025-07-11,482,47.89152
ITM0387,Pharmaceuticals,47.39,88,39,38,False,True,True,Cold,108,0.130416,1.0,21.0,2025-05-30,108,14.084928
ITM0388,Electronics,8.09,46,27,39,True,True,False,Ambient,162,0.048438,1.0,26.0,2025-07-08,162,7.8469560000000005
ITM0389,Pharmaceuticals,29.52,31,11,48,True,False,True,Frozen,358,0.016368,0.0,0.0,,358,5.859744
ITM0390,Electronics,25.54,77,58,34,True,True,False,Frozen,411,0.151844,1.0,96.0,2025-07-13,411,62.407884
ITM0391,Beverages,30.77,29,86,17,False,True,False,Frozen,393,0.042398,1.0,7.0,2025-06-23,393,16.662414
ITM0392,Beverages,1.4,77,13,67,False,False,False,Cold,375,0.067067,0.0,0.0,,375,25.150125
ITM0393,Electronics,43.67,73,99,25,False,True,True,Cold,347,0.180675,0.0,0.0,,347,62.694225
ITM0394,Beverages,46.64,26,98,81,True,False,False,Ambient,203,0.206388,1.0,42.0,2025-06-11,203,41.896764
ITM0395,Beverages,28.47,21,84,10,True,False,True,Cold,319,0.01764,0.0,0.0,,319,5.62716
ITM0396,Beverages,34.98,31,16,14,False,False,True,Cold,172,0.006944,0.0,0.0,,172,1.1943679999999999
ITM0397,Frozen Foods,46.16,26,83,12,True,True,True,Ambient,217,0.025896,1.0,93.0,2025-07-31,217,5.619432
ITM0398,Home Goods,35.51,19,48,74,False,True,True,Frozen,454,0.067488,1.0,30.0,2025-07-19,454,30.639552000000002
ITM0399,Pharmaceuticals,8.05,74,22,13,True,True,False,Frozen,178,0.021164,0.0,0.0,,178,3.7671919999999997
ITM0400,Frozen Foods,29.03,31,40,73,True,True,True,Ambient,493,0.09052,0.0,0.0,,493,44.62636
ITM0401,Beverages,30.53,99,80,98,True,False,False,Frozen,170,0.77616,0.0,0.0,,170,131.94719999999998
ITM0402,Electronics,21.49,91,72,19,True,False,False,Cold,77,0.124488,0.0,0.0,,77,9.585576
ITM0403,Beverages,36.95,59,65,30,False,True,True,Ambient,298,0.11505,1.0,33.0,2025-06-10,298,34.2849
ITM0404,Home Goods,46.75,23,51,55,True,False,False,Ambient,407,0.064515,1.0,88.0,2025-05-18,407,26.257605
ITM0405,Beverages,46.32,73,70,36,False,False,False,Ambient,286,0.18396,1.0,54.0,2025-07-26,286,52.61256
ITM0406,Electronics,22.82,56,51,75,False,True,True,Frozen,313,0.2142,0.0,0.0,,313,67.0446
ITM0407,Home Goods,6.11,38,65,50,False,False,False,Ambient,413,0.1235,1.0,48.0,2025-07-20,413,51.0055
ITM0408,Beverages,49.25,85,45,22,True,True,False,Ambient,393,0.08415,1.0,59.0,2025-06-03,393,33.07095
ITM0409,Home Goods,42.03,45,93,18,False,False,False,Ambient,401,0.07533,1.0,98.0,2025-07-11,401,30.20733
ITM0410,Pharmaceuticals,6.67,61,77,45,False,True,False,Frozen,144,0.211365,1.0,88.0,2025-05-24,144,30.43656
ITM0411,Pharmaceuticals,46.08,85,16,95,False,False,True,Cold,204,0.1292,0.0,0.0,,204,26.356800000000003
ITM0412,Beverages,43.56,16,63,99,True,False,False,Ambient,410,0.099792,1.0,57.0,2025-05-22,410,40.91472
ITM0413,Home Goods,26.18,38,10,67,True,True,False,Cold,137,0.02546,3.0,230.0,2025-07-26,137,3.48802
ITM0414,Electronics,29.77,20,53,63,False,True,False,Frozen,42,0.06678,1.0,6.0,2025-07-22,42,2.8047600000000004
ITM0415,Beverages,20.25,42,54,21,True,True,False,Frozen,185,0.047628,1.0,6.0,2025-06-28,185,8.81118
ITM0416,Pharmaceuticals,3.21,15,56,90,False,True,True,Frozen,469,0.0756,0.0,0.0,,469,35.4564
ITM0417,Pharmaceuticals,17.09,88,22,87,False,False,False,Frozen,452,0.168432,1.0,30.0,2025-07-14,452,76.131264
ITM0418,Beverages,40.24,41,31,23,True,False,True,Cold,380,0.029233,0.0,0.0,,380,11.10854
ITM0419,Home Goods,0.73,60,30,43,False,True,False,Ambient,479,0.0774,1.0,41.0,2025-05-22,479,37.0746
ITM0420,Pharmaceuticals,17.01,84,95,62,True,False,True,Frozen,384,0.49476,0.0,0.0,,384,189.98784
ITM0421,Home Goods,20.21,67,18,29,True,True,True,Frozen,31,0.034974,1.0,14.0,2025-06-04,31,1.0841939999999999
ITM0422,Pharmaceuticals,27.1,96,35,84,False,True,True,Cold,247,0.28224,1.0,8.0,2025-06-30,247,69.71328
ITM0423,Pharmaceuticals,46.03,35,18,25,True,False,True,Cold,167,0.01575,0.0,0.0,,167,2.63025
ITM0424,Frozen Foods,17.64,55,24,79,True,False,True,Frozen,47,0.10428,2.0,65.0,2025-07-08,47,4.90116
ITM0425,Pharmaceuticals,17.67,38,19,65,False,True,False,Ambient,239,0.04693,1.0,64.0,2025-07-04,239,11.21627
ITM0426,Electronics,37.01,13,97,92,False,True,False,Ambient,374,0.116012,0.0,0.0,,374,43.388488
ITM0427,Beverages,22.88,90,51,67,True,True,False,Frozen,60,0.30753,0.0,0.0,,60,18.451800000000002
ITM0428,Beverages,11.62,22,81,13,True,False,True,Cold,447,0.023166,1.0,6.0,2025-05-17,447,10.355202
ITM0429,Home Goods,22.9,48,33,13,False,False,False,Frozen,273,0.020592,1.0,3.0,2025-07-01,273,5.6216159999999995
ITM0430,Pharmaceuticals,7.47,24,89,29,True,False,True,Frozen,292,0.061944,0.0,0.0,,292,18.087648
ITM0431,Electronics,9.23,38,58,19,True,False,True,Cold,36,0.041876,3.0,184.0,2025-07-27,36,1.507536
ITM0432,Home Goods,25.17,38,35,33,True,True,False,Frozen,235,0.04389,1.0,41.0,2025-07-06,235,10.31415
ITM0433,Frozen Foods,21.24,84,46,35,True,True,False,Frozen,286,0.13524,1.0,99.0,2025-05-26,286,38.67864
ITM0434,Home Goods,45.78,41,77,46,True,True,True,Frozen,295,0.145222,1.0,78.0,2025-06-14,295,42.840489999999996
ITM0435,Home Goods,18.44,11,59,94,True,True,True,Cold,106,0.061006,1.0,68.0,2025-05-28,106,6.466635999999999
ITM0436,Pharmaceuticals,29.24,56,33,63,True,True,False,Ambient,293,0.116424,0.0,0.0,,293,34.112232
ITM0437,Frozen Foods,31.8,87,28,30,False,True,False,Ambient,376,0.07308,0.0,0.0,,376,27.478080000000002
ITM0438,Home Goods,1.15,93,69,83,False,False,False,Cold,457,0.532611,2.0,123.0,2025-06-25,457,243.403227
ITM0439,Electronics,33.35,31,48,47,False,False,False,Ambient,490,0.069936,1.0,56.0,2025-07-22,490,34.26864
ITM0440,Electronics,9.31,84,83,55,False,True,True,Frozen,462,0.38346,0.0,0.0,,462,177.15852
ITM0441,Beverages,48.07,36,98,13,False,True,False,Ambient,326,0.045864,0.0,0.0,,326,14.951664000000001
ITM0442,Frozen Foods,7.86,76,27,69,True,False,False,Frozen,313,0.141588,1.0,21.0,2025-06-11,313,44.317043999999996
ITM0443,Frozen Foods,21.02,90,28,66,True,False,False,Ambient,156,0.16632,0.0,0.0,,156,25.94592
ITM0444,Beverages,4.72,65,45,54,True,False,True,Cold,13,0.15795,0.0,0.0,,13,2.05335
ITM0445,Home Goods,49.85,30,83,29,True,False,True,Ambient,44,0.07221,1.0,43.0,2025-05-20,44,3.17724
ITM0446,Frozen Foods,25.36,56,64,26,False,True,True,Ambient,201,0.093184,0.0,0.0,,201,18.729984
ITM0447,Electronics,29.97,89,78,80,True,True,True,Ambient,58,0.55536,1.0,78.0,2025-06-23,58,32.210879999999996
ITM0448,Electronics,3.82,68,56,13,True,True,False,Cold,26,0.049504,0.0,0.0,,26,1.287104
ITM0449,Pharmaceuticals,37.62,93,58,23,False,True,True,Ambient,181,0.124062,0.0,0.0,,181,22.455222000000003
ITM0450,Frozen Foods,10.89,15,42,12,True,True,False,Cold,229,0.00756,0.0,0.0,,229,1.73124
ITM0451,Home Goods,44.95,28,30,97,True,False,False,Frozen,167,0.08148,0.0,0.0,,167,13.60716
ITM0452,Beverages,10.65,66,90,89,False,True,False,Ambient,486,0.52866,1.0,35.0,2025-05-18,486,256.92876
ITM0453,Beverages,9.94,78,31,67,True,False,False,Cold,55,0.162006,0.0,0.0,,55,8.91033
ITM0454,Home Goods,2.31,12,57,64,True,True,True,Cold,382,0.043776,0.0,0.0,,382,16.722432
ITM0455,Pharmaceuticals,23.87,10,46,13,True,True,True,Ambient,15,0.00598,1.0,6.0,2025-06-05,15,0.0897
ITM0456,Beverages,28.46,67,24,33,True,True,True,Frozen,108,0.053064,0.0,0.0,,108,5.730912
ITM0457,Frozen Foods,3.75,47,44,43,True,True,False,Cold,389,0.088924,0.0,0.0,,389,34.591436
ITM0458,Pharmaceuticals,38.89,24,80,39,False,True,False,Ambient,242,0.07488,0.0,0.0,,242,18.12096
ITM0459,Frozen Foods,22.94,43,41,91,False,False,False,Frozen,46,0.160433,1.0,42.0,2025-05-26,46,7.379918
ITM0460,Electronics,26.46,70,20,28,False,False,False,Cold,289,0.0392,1.0,44.0,2025-05-19,289,11.3288
ITM0461,Pharmaceuticals,22.32,44,19,40,False,False,False,Cold,358,0.03344,1.0,74.0,2025-07-31,358,11.97152
ITM0462,Beverages,20.34,73,82,69,False,True,True,Frozen,311,0.413034,0.0,0.0,,311,128.453574
ITM0463,Pharmaceuticals,28.2,34,87,69,False,True,False,Frozen,190,0.204102,1.0,33.0,2025-07-22,190,38.77938
ITM0464,Pharmaceuticals,8.18,33,86,28,True,False,True,Ambient,104,0.079464,0.0,0.0,,104,8.264256000000001
ITM0465,Pharmaceuticals,9.51,21,66,58,False,True,False,Ambient,108,0.080388,0.0,0.0,,108,8.681904
ITM0466,Pharmaceuticals,43.16,27,34,72,False,True,False,Cold,197,0.066096,0.0,0.0,,197,13.020912000000001
ITM0467,Frozen Foods,47.33,24,11,92,True,False,True,Frozen,490,0.024288,0.0,0.0,,490,11.90112
ITM0468,Electronics,18.98,89,73,31,True,True,True,Frozen,125,0.201407,1.0,31.0,2025-06-27,125,25.175875
ITM0469,Home Goods,13.9,36,44,33,False,False,False,Frozen,200,0.052272,0.0,0.0,,200,10.4544
ITM0470,Pharmaceuticals,32.38,81,16,85,True,True,False,Cold,262,0.11016,0.0,0.0,,262,28.861919999999998
ITM0471,Beverages,20.73,69,94,39,False,False,False,Frozen,478,0.252954,1.0,44.0,2025-07-04,478,120.912012
ITM0472,Pharmaceuticals,1.76,55,27,67,True,True,False,Frozen,425,0.099495,0.0,0.0,,425,42.285375
ITM0473,Beverages,8.23,98,76,40,False,True,True,Cold,480,0.29792,0.0,0.0,,480,143.0016
ITM0474,Frozen Foods,35.94,26,51,73,True,False,False,Ambient,170,0.096798,0.0,0.0,,170,16.455659999999998
ITM0475,Beverages,33.12,62,48,28,True,True,True,Ambient,265,0.083328,1.0,11.0,2025-05-17,265,22.08192
ITM0476,Home Goods,1.84,17,50,57,False,True,False,Cold,332,0.04845,0.0,0.0,,332,16.0854
ITM0477,Electronics,11.49,88,84,54,False,False,True,Frozen,137,0.399168,0.0,0.0,,137,54.686016
ITM0478,Beverages,11.94,36,33,64,False,True,True,Cold,27,0.076032,0.0,0.0,,27,2.052864
ITM0479,Beverages,33.76,55,69,64,False,False,False,Ambient,290,0.24288,0.0,0.0,,290,70.43520000000001
ITM0480,Electronics,1.48,59,55,27,False,True,True,Ambient,499,0.087615,0.0,0.0,,499,43.719885
ITM0481,Home Goods,5.65,80,28,72,True,True,False,Cold,232,0.16128,0.0,0.0,,232,37.41696
ITM0482,Pharmaceuticals,40.1,12,77,56,False,True,True,Cold,63,0.051744,0.0,0.0,,63,3.259872
ITM0483,Beverages,9.34,73,99,84,False,True,False,Ambient,67,0.607068,0.0,0.0,,67,40.673556000000005
ITM0484,Electronics,32.81,53,51,66,True,False,True,Cold,332,0.178398,2.0,173.0,2025-07-07,332,59.228136
ITM0485,Frozen Foods,12.29,62,41,54,True,True,False,Ambient,369,0.137268,1.0,50.0,2025-07-08,369,50.651892000000004
ITM0486,Electronics,5.42,33,48,42,False,False,False,Cold,183,0.066528,1.0,18.0,2025-05-22,183,12.174624000000001
ITM0487,Frozen Foods,12.54,69,45,26,True,True,True,Cold,289,0.08073,1.0,22.0,2025-07-14,289,23.33097
ITM0488,Home Goods,36.25,12,45,79,True,True,True,Cold,123,0.04266,0.0,0.0,,123,5.247179999999999
ITM0489,Pharmaceuticals,42.86,29,12,13,False,True,True,Ambient,297,0.004524,0.0,0.0,,297,1.343628
ITM0490,Electronics,41.6,55,82,29,True,True,True,Cold,440,0.13079,0.0,0.0,,440,57.547599999999996
ITM0491,Beverages,20.16,24,17,56,True,False,False,Ambient,351,0.022848,0.0,0.0,,351,8.019648
ITM0492,Home Goods,33.57,34,79,24,False,False,True,Ambient,160,0.064464,0.0,0.0,,160,10.314239999999998
ITM0493,Electronics,10.65,87,50,79,False,False,False,Cold,459,0.34365,0.0,0.0,,459,157.73535
ITM0494,Beverages,15.01,80,77,56,True,False,True,Cold,136,0.34496,1.0,22.0,2025-06-28,136,46.91456
ITM0495,Electronics,44.87,26,22,87,True,True,False,Ambient,164,0.049764,0.0,0.0,,164,8.161296
ITM0496,Frozen Foods,1.14,93,58,84,False,False,False,Ambient,499,0.453096,0.0,0.0,,499,226.09490399999999
ITM0497,Electronics,4.73,18,69,18,True,False,False,Frozen,395,0.022356,0.0,0.0,,395,8.83062
ITM0498,Electronics,10.79,47,11,99,True,True,False,Ambient,483,0.051183,2.0,73.0,2025-07-21,483,24.721389
ITM0499,Electronics,1.81,57,69,25,True,True,True,Frozen,282,0.098325,1.0,23.0,2025-05-16,282,27.727649999999997
